"","Gene","Tissue","Group","Amplitude","Phase","peakTime","Basal","R2","pvalue","circgene"
"363","Dbp","muscle","old",1.55,21.1,8.92,6.26,0.971,1.21e-07,"Yes"
"206","Usp2","muscle","aged",0.588,18.5,11.5,7.9,0.966,2.47e-07,"Yes"
"361","Dbp","muscle","young",1.48,19.5,10.5,6.62,0.955,8.59e-07,"Yes"
"398","Nfil3","muscle","aged",1.07,10.6,19.4,5.3,0.953,1.02e-06,"Yes"
"223","Wsb1","muscle","young",0.786,7.11,22.9,4.75,0.953,1.08e-06,"Yes"
"400","Nrip1","muscle","young",0.896,16.1,13.9,5.42,0.952,1.14e-06,"Yes"
"403","Per2","muscle","young",1.38,17.1,12.9,4,0.941,2.99e-06,"Yes"
"281","Dyrk2","muscle","aged",0.496,8.22,21.8,7.16,0.94,3.15e-06,"Yes"
"362","Dbp","muscle","aged",1.53,21.3,8.66,6.53,0.94,3.19e-06,"Yes"
"404","Per2","muscle","aged",1.22,17.9,12.1,4.02,0.934,4.8e-06,"Yes"
"205","Usp2","muscle","young",0.646,17.6,12.4,7.9,0.93,6.31e-06,"Yes"
"207","Usp2","muscle","old",0.515,20,10,7.42,0.922,1.01e-05,"Yes"
"472","Arrdc3","muscle","young",0.84,12.9,17.1,6.17,0.922,1.02e-05,"Yes"
"220","Asb2","muscle","young",0.48,6.98,23,9.97,0.92,1.15e-05,"Yes"
"28","Col5a3","muscle","young",0.731,3.97,2.03,5.06,0.92,1.17e-05,"Yes"
"280","Dyrk2","muscle","young",0.673,6.62,23.4,7.08,0.919,1.21e-05,"Yes"
"379","Irf2bp2","muscle","young",0.565,8.45,21.5,5.55,0.918,1.27e-05,"Yes"
"448","Slc16a9","muscle","young",0.782,9.38,20.6,4.42,0.91,1.97e-05,"Yes"
"397","Nfil3","muscle","young",1.06,9.11,20.9,5.36,0.909,2.1e-05,"Yes"
"490","Lrrc38","muscle","young",0.431,7.55,22.5,6.11,0.906,2.43e-05,"Yes"
"91","Pnpla3","muscle","young",0.916,8.11,21.9,2.35,0.903,2.71e-05,"Yes"
"473","Arrdc3","muscle","aged",0.618,14.2,15.8,6.09,0.903,2.72e-05,"Yes"
"401","Nrip1","muscle","aged",0.758,18,12,5.5,0.903,2.79e-05,"Yes"
"224","Wsb1","muscle","aged",0.723,8.24,21.8,4.67,0.902,2.88e-05,"Yes"
"203","Ubc","muscle","aged",0.477,7.71,22.3,8.15,0.9,3.16e-05,"Yes"
"399","Nfil3","muscle","old",1.17,10.5,19.5,5.22,0.9,3.21e-05,"Yes"
"482","Tspan4","muscle","aged",0.597,20.2,9.8,3.74,0.898,3.48e-05,"Yes"
"380","Irf2bp2","muscle","aged",0.424,9.62,20.4,5.51,0.897,3.57e-05,"Yes"
"176","Ppp1r3c","muscle","aged",0.808,10.9,19.1,9.19,0.883,6.38e-05,"Yes"
"394","Myod1","muscle","young",0.782,10.6,19.4,5.26,0.882,6.6e-05,"Yes"
"418","Tsc22d3","muscle","young",0.388,13.7,16.3,8.04,0.88,7.19e-05,"Yes"
"225","Wsb1","muscle","old",0.811,6.45,23.5,4.02,0.877,8.11e-05,"Yes"
"396","Myod1","muscle","old",0.696,10.8,19.2,5.44,0.875,8.61e-05,"Yes"
"254","Stxbp4","muscle","aged",0.469,13.8,16.2,5.65,0.87,0.000101,"Yes"
"214","Ddit4l","muscle","young",0.346,7.86,22.1,8.27,0.864,0.000126,"Yes"
"316","Cry2","muscle","young",0.359,17.8,12.2,5.91,0.864,0.000126,"Yes"
"247","Prkcd","muscle","young",0.463,7.55,22.5,4.52,0.86,0.000142,"Yes"
"377","Hlf","muscle","aged",0.513,18.4,11.6,4.65,0.859,0.000147,"Yes"
"452","Slc25a25","muscle","aged",0.874,15.8,14.2,4.99,0.859,0.000148,"Yes"
"395","Myod1","muscle","aged",0.65,13.6,16.4,5.47,0.854,0.000172,"Yes"
"455","Slc38a2","muscle","aged",0.514,12.4,17.6,7.9,0.854,0.000175,"Yes"
"454","Slc38a2","muscle","young",0.582,10.2,19.8,7.76,0.846,0.000218,"Yes"
"66","Fbn1","muscle","old",0.98,3.14,2.86,5.05,0.839,0.00027,"Yes"
"43","Cdkn1a","muscle","young",0.688,4.92,1.08,4.12,0.831,0.000337,"Yes"
"416","Tef","muscle","aged",0.313,18.4,11.6,8.68,0.824,0.000405,"Yes"
"85","Ucp3","muscle","young",0.75,19.5,10.5,7.04,0.812,0.000542,"Yes"
"109","Acat2","muscle","young",0.377,16.8,13.2,2.88,0.807,0.000609,"Yes"
"122","Gpt2","muscle","aged",0.357,16.3,13.7,8.37,0.8,0.000708,"Yes"
"177","Ppp1r3c","muscle","old",0.926,10.2,19.8,9.05,0.797,0.000764,"Yes"
"415","Tef","muscle","young",0.287,18.2,11.8,8.61,0.797,0.000772,"Yes"
"64","Fbn1","muscle","young",0.652,2.24,3.76,5.41,0.791,0.000873,"Yes"
"420","Tsc22d3","muscle","old",0.34,14.7,15.3,7.84,0.789,0.000911,"Yes"
"277","Crim1","muscle","young",0.343,19.4,10.6,6.39,0.787,0.000944,"Yes"
"301","Rac1","muscle","young",0.0667,8.75,21.2,8.17,0.784,0.00101,"Yes"
"422","Zbtb16","muscle","aged",0.631,13.1,16.9,5.88,0.769,0.00136,"Yes"
"376","Hlf","muscle","young",0.43,17.2,12.8,4.87,0.764,0.00151,"Yes"
"449","Slc16a9","muscle","aged",0.573,11,19,4.41,0.764,0.00152,"Yes"
"127","Pfkfb3","muscle","young",1.02,0.0891,5.91,8.12,0.763,0.00153,"Yes"
"374","Hivep2","muscle","aged",0.46,16,14,6.68,0.76,0.00163,"Yes"
"175","Ppp1r3c","muscle","young",0.849,9.47,20.5,9.22,0.758,0.00168,"Yes"
"147","Myh10","muscle","old",0.767,5.76,0.236,5.22,0.751,0.00191,"Yes"
"107","Fech","muscle","aged",0.12,16.4,13.6,7.85,0.75,0.00194,"Yes"
"166","Loxl1","muscle","young",0.333,1.72,4.28,4.13,0.747,0.00206,"Yes"
"498","Prrc1","muscle","old",0.384,4.39,1.61,5.31,0.747,0.00208,"Yes"
"253","Stxbp4","muscle","young",0.585,12.2,17.8,5.52,0.746,0.00209,"Yes"
"481","Tspan4","muscle","young",0.507,18.6,11.4,3.81,0.746,0.00211,"Yes"
"21","Col3a1","muscle","old",0.789,2.26,3.74,6.07,0.742,0.00223,"Yes"
"30","Col5a3","muscle","old",0.69,3.63,2.37,4.26,0.742,0.00226,"Yes"
"70","Mid1ip1","muscle","young",0.597,14.9,15.1,6.39,0.741,0.0023,"Yes"
"18","Podxl","muscle","old",0.459,4.41,1.59,5.56,0.74,0.00233,"Yes"
"353","Chd7","muscle","aged",0.176,9.11,20.9,6.02,0.727,0.00288,"Yes"
"110","Acat2","muscle","aged",0.359,20.2,9.8,2.82,0.727,0.00289,"Yes"
"451","Slc25a25","muscle","young",0.619,16.3,13.7,4.99,0.726,0.00294,"Yes"
"128","Pfkfb3","muscle","aged",1.23,0.0753,5.92,7.78,0.725,0.00302,"Yes"
"151","Dnajb4","muscle","young",0.327,9.9,20.1,6.85,0.724,0.00306,"Yes"
"221","Asb2","muscle","aged",0.322,9.21,20.8,9.95,0.724,0.00307,"Yes"
"6","Thbd","muscle","old",0.445,5.08,0.919,3.91,0.714,0.00356,"Yes"
"22","Col4a1","muscle","young",0.395,2.58,3.42,7.07,0.713,0.00362,"Yes"
"25","Col4a2","muscle","young",0.41,2.08,3.92,6.71,0.713,0.00362,"Yes"
"141","Myh1","muscle","old",0.538,4.08,1.92,11.9,0.71,0.00382,"Yes"
"350","Bcl6","muscle","aged",0.29,12.4,17.6,6.81,0.709,0.00384,"Yes"
"382","Leo1","muscle","young",0.319,3.51,2.49,5.37,0.702,0.00427,"Yes"
"210","Egln3","muscle","old",0.783,4.49,1.51,5.96,0.694,0.00486,"Yes"
"71","Mid1ip1","muscle","aged",0.539,16.6,13.4,5.95,0.694,0.00489,"Yes"
"460","Slc43a1","muscle","young",0.489,23.7,6.29,4.15,0.689,0.00519,"Yes"
"152","Dnajb4","muscle","aged",0.223,10.1,19.9,6.77,0.685,0.00551,"Yes"
"27","Col4a2","muscle","old",0.62,2.89,3.11,5.86,0.684,0.00562,"Yes"
"222","Asb2","muscle","old",0.467,9.24,20.8,9.95,0.683,0.00569,"Yes"
"381","Irf2bp2","muscle","old",0.435,8.71,21.3,4.85,0.677,0.00616,"Yes"
"487","Cys1","muscle","young",0.55,15.4,14.6,2.45,0.677,0.00619,"Yes"
"8","Cldn5","muscle","aged",0.727,4.39,1.61,4.19,0.67,0.00682,"Yes"
"89","Idh1","muscle","aged",0.39,23.6,6.36,4.92,0.667,0.00709,"Yes"
"430","Cygb","muscle","young",0.263,20.8,9.21,4.35,0.662,0.00756,"Yes"
"450","Slc16a9","muscle","old",0.585,9.88,20.1,4.11,0.661,0.00772,"Yes"
"46","Gas1","muscle","young",0.324,6.64,23.4,4.79,0.657,0.00814,"Yes"
"373","Hivep2","muscle","young",0.344,15.3,14.7,6.87,0.656,0.00824,"Yes"
"259","Fzd7","muscle","young",0.339,0.62,5.38,6.45,0.656,0.00825,"Yes"
"212","Ddit4","muscle","aged",0.47,16.6,13.4,3.42,0.655,0.00828,"Yes"
"24","Col4a1","muscle","old",0.555,2.81,3.19,6.19,0.654,0.00846,"Yes"
"156","Serpinh1","muscle","old",0.392,6.27,23.7,5.41,0.653,0.00859,"Yes"
"202","Ubc","muscle","young",0.384,5.57,0.425,8.33,0.653,0.00859,"Yes"
"456","Slc38a2","muscle","old",0.526,10.4,19.6,7.23,0.641,0.00994,"Yes"
"7","Cldn5","muscle","young",0.481,4.98,1.02,4.09,0.64,0.0101,"No"
"114","Aldh2","muscle","old",0.323,5.27,0.727,7.65,0.636,0.0106,"No"
"292","Irs1","muscle","young",0.428,8.31,21.7,6.26,0.633,0.0109,"No"
"56","Mapre2","muscle","aged",0.255,14.3,15.7,5.68,0.632,0.0111,"No"
"230","Xpo1","muscle","aged",0.136,23.3,6.73,5.65,0.631,0.0113,"No"
"67","Ky","muscle","young",0.386,21.6,8.39,8.29,0.628,0.0117,"No"
"310","Ulk1","muscle","young",0.142,19.5,10.5,6.8,0.626,0.012,"No"
"334","Lin7c","muscle","young",0.101,11.1,18.9,5.6,0.625,0.0122,"No"
"488","Cys1","muscle","aged",0.423,17.3,12.7,2.37,0.62,0.0129,"No"
"505","Zfp706","muscle","young",0.11,9.82,20.2,6.53,0.619,0.0129,"No"
"453","Slc25a25","muscle","old",0.729,14.5,15.5,5.07,0.615,0.0137,"No"
"172","Timp3","muscle","young",0.187,17.7,12.3,7.6,0.611,0.0143,"No"
"465","Slc6a6","muscle","old",0.533,2.3,3.7,6.96,0.607,0.0149,"No"
"38","Anxa9","muscle","aged",0.186,0.65,5.35,0.347,0.605,0.0153,"No"
"201","Trim63","muscle","old",0.363,11.1,18.9,8.83,0.605,0.0153,"No"
"278","Crim1","muscle","aged",0.266,19.6,10.4,6.49,0.605,0.0153,"No"
"457","Slc38a4","muscle","young",0.426,6.69,23.3,7.48,0.604,0.0155,"No"
"282","Dyrk2","muscle","old",0.539,6.21,23.8,6.49,0.603,0.0157,"No"
"184","Denr","muscle","young",0.0962,7.73,22.3,6.34,0.601,0.0159,"No"
"479","Tspan13","muscle","aged",0.204,7.82,22.2,5.47,0.601,0.016,"No"
"250","Npc1","muscle","young",0.308,20.9,9.12,6.54,0.599,0.0164,"No"
"121","Gpt2","muscle","young",0.266,14.1,15.9,8.43,0.593,0.0176,"No"
"365","Fem1c","muscle","aged",0.173,15.1,14.9,5.06,0.59,0.018,"No"
"103","Pdk4","muscle","young",0.815,20.5,9.47,9.05,0.588,0.0185,"No"
"44","Cdkn1a","muscle","aged",0.66,6.65,23.3,4.52,0.586,0.0188,"No"
"129","Pfkfb3","muscle","old",1.24,0.556,5.44,8.25,0.585,0.0191,"No"
"126","Pank1","muscle","old",0.535,3.68,2.32,4.35,0.584,0.0193,"No"
"136","Txnip","muscle","young",0.201,23.8,6.17,9.6,0.581,0.02,"No"
"405","Per2","muscle","old",0.531,20.1,9.95,4.16,0.578,0.0205,"No"
"248","Prkcd","muscle","aged",0.446,9.53,20.5,4.77,0.577,0.0209,"No"
"182","Txnrd1","muscle","aged",0.239,16,14,6.85,0.574,0.0215,"No"
"52","Sept8","muscle","young",0.209,4.33,1.67,4.38,0.573,0.0217,"No"
"385","Mllt3","muscle","young",0.0941,20.5,9.51,7.42,0.57,0.0225,"No"
"383","Leo1","muscle","aged",0.218,5.52,0.48,5.29,0.566,0.0234,"No"
"57","Mapre2","muscle","old",0.217,5.43,0.572,5.84,0.564,0.0238,"No"
"19","Col3a1","muscle","young",0.399,2.25,3.75,7.3,0.558,0.0253,"No"
"317","Cry2","muscle","aged",0.461,18.3,11.7,6.09,0.557,0.0255,"No"
"331","Gabarapl1","muscle","young",0.23,23,7.05,6.12,0.556,0.0258,"No"
"412","Rora","muscle","young",0.233,15.4,14.6,7.53,0.556,0.026,"No"
"239","Rbm34","muscle","aged",0.243,3.95,2.05,4.29,0.555,0.0262,"No"
"256","Epha2","muscle","young",0.297,0.541,5.46,2.19,0.555,0.0262,"No"
"132","Pipox","muscle","old",0.318,3.26,2.74,0.272,0.554,0.0263,"No"
"154","Serpinh1","muscle","young",0.311,3.72,2.28,5.96,0.553,0.0267,"No"
"378","Hlf","muscle","old",0.485,20.3,9.66,3.97,0.551,0.0272,"No"
"148","Cct3","muscle","young",0.111,7.14,22.9,6.68,0.551,0.0274,"No"
"45","Cdkn1a","muscle","old",0.691,4.54,1.46,5.4,0.549,0.0278,"No"
"191","Fbxo32","muscle","aged",0.255,6.59,23.4,9.5,0.544,0.0291,"No"
"322","Ahnak","muscle","young",0.203,18.3,11.7,8.5,0.541,0.0302,"No"
"356","Ctbp2","muscle","aged",0.176,6.91,23.1,4.34,0.539,0.0307,"No"
"138","Txnip","muscle","old",0.444,1.4,4.6,9.29,0.537,0.0311,"No"
"495","Myadm","muscle","old",0.275,2.62,3.38,4.48,0.535,0.0318,"No"
"211","Ddit4","muscle","young",0.542,18.5,11.5,3.76,0.533,0.0326,"No"
"413","Rora","muscle","aged",0.24,20.7,9.31,7.73,0.532,0.0327,"No"
"421","Zbtb16","muscle","young",0.26,12.5,17.5,6.25,0.532,0.0328,"No"
"204","Ubc","muscle","old",0.406,10.6,19.4,8.27,0.531,0.0332,"No"
"290","Ipmk","muscle","aged",0.156,14.9,15.1,5.36,0.529,0.0338,"No"
"59","Esco1","muscle","aged",0.152,1.53,4.47,4.74,0.526,0.0349,"No"
"352","Chd7","muscle","young",0.189,8.23,21.8,6.02,0.524,0.0353,"No"
"419","Tsc22d3","muscle","aged",0.276,14.5,15.5,8.13,0.522,0.0362,"No"
"137","Txnip","muscle","aged",0.294,2.76,3.24,9.33,0.521,0.0365,"No"
"499","Tmem165","muscle","young",0.066,8.24,21.8,4.48,0.518,0.0374,"No"
"489","Cys1","muscle","old",0.476,14.4,15.6,2.1,0.517,0.0378,"No"
"2","Mst1","muscle","aged",0.0327,14.7,15.3,0.0186,0.516,0.0382,"No"
"440","Abcc1","muscle","aged",0.439,16.4,13.6,6.01,0.513,0.0392,"No"
"386","Mllt3","muscle","aged",0.13,21.3,8.65,7.5,0.512,0.0397,"No"
"39","Anxa9","muscle","old",0.176,2.76,3.24,0.228,0.51,0.0404,"No"
"390","Mxi1","muscle","old",0.229,4.95,1.05,6.35,0.508,0.0411,"No"
"54","Sept8","muscle","old",0.404,4.32,1.68,3.94,0.507,0.0414,"No"
"93","Pnpla3","muscle","old",0.718,8.26,21.7,2.05,0.505,0.0424,"No"
"29","Col5a3","muscle","aged",0.603,7.44,22.6,4.47,0.504,0.0427,"No"
"32","Pcolce2","muscle","aged",0.346,2.19,3.81,3.8,0.503,0.0431,"No"
"73","Pfn2","muscle","young",0.0996,10.1,19.9,8.28,0.498,0.0449,"No"
"149","Cct3","muscle","aged",0.12,8.02,22,6.66,0.497,0.0456,"No"
"41","Ccnc","muscle","aged",0.174,4.55,1.45,3.9,0.494,0.0466,"No"
"300","Prkca","muscle","old",0.448,2.56,3.44,6.49,0.492,0.0473,"No"
"338","Ston2","muscle","aged",0.403,15.2,14.8,6.78,0.493,0.0473,"No"
"200","Trim63","muscle","aged",0.207,7.62,22.4,8.77,0.492,0.0475,"No"
"139","Myh1","muscle","young",0.307,0.0525,5.95,12,0.49,0.0483,"No"
"86","Ucp3","muscle","aged",0.474,19.5,10.5,6.66,0.489,0.0489,"No"
"360","Ctdspl","muscle","old",0.465,2.74,3.26,1.91,0.487,0.0496,"No"
"84","Sult1a1","muscle","old",0.398,14.7,15.3,4.53,0.487,0.0498,"No"
"326","Tubb3","muscle","aged",0.17,22.1,7.92,0.669,0.485,0.0505,"No"
"88","Idh1","muscle","young",0.243,21.8,8.22,4.95,0.484,0.0508,"No"
"68","Ky","muscle","aged",0.427,19.6,10.4,8.08,0.481,0.0521,"No"
"355","Ctbp2","muscle","young",0.161,8.6,21.4,4.23,0.48,0.0526,"No"
"423","Zbtb16","muscle","old",0.504,7.91,22.1,5.82,0.479,0.0531,"No"
"492","Lrrc38","muscle","old",0.267,10,20,6.02,0.479,0.0531,"No"
"323","Ahnak","muscle","aged",0.393,16.5,13.5,8.36,0.476,0.0547,"No"
"293","Irs1","muscle","aged",0.18,10.6,19.4,6.1,0.473,0.056,"No"
"483","Tspan4","muscle","old",0.421,18.1,11.9,3.72,0.465,0.0598,"No"
"318","Cry2","muscle","old",0.302,21.8,8.16,6.42,0.464,0.0606,"No"
"330","Dnm2","muscle","old",0.292,3.34,2.66,6,0.464,0.0606,"No"
"196","Trim23","muscle","young",0.101,14.8,15.2,5.85,0.463,0.0608,"No"
"237","Ddx55","muscle","old",0.166,4.13,1.87,3.17,0.463,0.061,"No"
"329","Dnm2","muscle","aged",0.265,15.6,14.4,5.74,0.462,0.0612,"No"
"341","Arnt","muscle","aged",0.243,16.4,13.6,5.97,0.46,0.0625,"No"
"343","Asb11","muscle","young",0.129,10.1,19.9,7.54,0.455,0.0652,"No"
"115","Dbt","muscle","young",0.14,10.5,19.5,5.84,0.452,0.067,"No"
"190","Fbxo32","muscle","young",0.322,3.37,2.63,9.35,0.449,0.0682,"No"
"285","Gna11","muscle","old",0.15,5.91,0.0948,6.11,0.449,0.0684,"No"
"82","Sult1a1","muscle","young",0.259,14.8,15.2,4.47,0.448,0.0691,"No"
"392","Mycbp","muscle","aged",0.205,3.82,2.18,4.63,0.447,0.0694,"No"
"503","Tor1aip2","muscle","aged",0.0989,21.7,8.33,6.79,0.446,0.0703,"No"
"461","Slc43a1","muscle","aged",0.33,23.1,6.9,3.99,0.444,0.0714,"No"
"387","Mllt3","muscle","old",0.221,0.708,5.29,7.36,0.443,0.072,"No"
"328","Dnm2","muscle","young",0.0899,22.5,7.46,5.86,0.442,0.0724,"No"
"65","Fbn1","muscle","aged",0.652,4.53,1.47,4.89,0.438,0.0748,"No"
"90","Idh1","muscle","old",0.269,0.0207,5.98,4.67,0.436,0.076,"No"
"486","4930529C04Rik","muscle","old",0.0518,3.08,2.92,0.0451,0.433,0.0779,"No"
"173","Timp3","muscle","aged",0.187,18,12,7.56,0.429,0.0804,"No"
"197","Trim23","muscle","aged",0.132,0.579,5.42,5.92,0.427,0.0813,"No"
"61","G0s2","muscle","young",0.815,10,20,4.94,0.424,0.0834,"No"
"464","Slc6a6","muscle","aged",0.276,17,13,6.96,0.423,0.0842,"No"
"131","Pipox","muscle","aged",0.0434,13.9,16.1,0.0512,0.422,0.0847,"No"
"92","Pnpla3","muscle","aged",0.638,11,19,2.09,0.422,0.0849,"No"
"389","Mxi1","muscle","aged",0.0876,14.1,15.9,6.35,0.422,0.085,"No"
"364","Fem1c","muscle","young",0.174,12.8,17.2,5.02,0.421,0.0853,"No"
"227","Rps2","muscle","aged",0.21,4.25,1.75,9.47,0.421,0.0858,"No"
"294","Irs1","muscle","old",0.337,5.72,0.284,6,0.417,0.0879,"No"
"249","Prkcd","muscle","old",0.432,7.21,22.8,4.51,0.415,0.0897,"No"
"9","Cldn5","muscle","old",0.539,4.87,1.13,3.84,0.415,0.0898,"No"
"124","Pank1","muscle","young",0.298,22.1,7.94,4.69,0.413,0.0909,"No"
"170","Mmp11","muscle","aged",0.291,6.02,24,2.49,0.412,0.0919,"No"
"235","Ddx55","muscle","young",0.173,7.88,22.1,3.5,0.408,0.0943,"No"
"324","Ahnak","muscle","old",0.27,0.787,5.21,8.46,0.407,0.0955,"No"
"12","Emp1","muscle","old",0.281,4.13,1.87,5.12,0.406,0.096,"No"
"231","Xpo1","muscle","old",0.346,1.99,4.01,5.27,0.406,0.0962,"No"
"117","Dbt","muscle","old",0.235,7.64,22.4,5.55,0.405,0.0967,"No"
"357","Ctbp2","muscle","old",0.198,4.38,1.62,4.03,0.402,0.0987,"No"
"307","Tbc1d4","muscle","young",0.166,18.5,11.5,6.14,0.401,0.0994,"No"
"425","Zhx3","muscle","aged",0.2,16.2,13.8,4.74,0.4,0.1,"No"
"476","Cep350","muscle","aged",0.3,14.5,15.5,5.91,0.4,0.1,"No"
"111","Acat2","muscle","old",0.239,19.1,10.9,2.86,0.398,0.102,"No"
"194","Psma1","muscle","aged",0.198,4.24,1.76,6.88,0.398,0.102,"No"
"297","Nf1","muscle","old",0.406,2.68,3.32,4.11,0.398,0.102,"No"
"135","Gsta3","muscle","old",0.557,12.6,17.4,1.67,0.395,0.104,"No"
"144","Actc1","muscle","old",0.516,19.3,10.7,7.3,0.393,0.106,"No"
"502","Tor1aip2","muscle","young",0.0597,16.5,13.5,6.77,0.393,0.106,"No"
"491","Lrrc38","muscle","aged",0.199,9.89,20.1,6.12,0.391,0.107,"No"
"72","Mid1ip1","muscle","old",0.336,16.6,13.4,5.79,0.388,0.11,"No"
"462","Slc43a1","muscle","old",0.573,1.59,4.41,4.26,0.386,0.112,"No"
"333","Gabarapl1","muscle","old",0.197,5.96,0.0394,6.36,0.382,0.114,"No"
"264","Gpr146","muscle","old",0.196,3.72,2.28,5.94,0.381,0.115,"No"
"417","Tef","muscle","old",0.159,20.8,9.18,8.74,0.379,0.117,"No"
"439","Abcc1","muscle","young",0.22,17.4,12.6,6.04,0.377,0.119,"No"
"287","Igfbp5","muscle","aged",0.376,13.3,16.7,9.45,0.374,0.121,"No"
"311","Ulk1","muscle","aged",0.258,15.8,14.2,6.8,0.374,0.122,"No"
"36","Klra4","muscle","old",0.0455,20,10,0.0228,0.372,0.123,"No"
"435","Atp1b1","muscle","old",0.397,4.21,1.79,7.24,0.372,0.123,"No"
"16","Podxl","muscle","young",0.241,2.29,3.71,6.05,0.371,0.124,"No"
"349","Bcl6","muscle","young",0.164,7.55,22.5,6.82,0.37,0.125,"No"
"55","Mapre2","muscle","young",0.0934,10,20,5.87,0.368,0.127,"No"
"226","Rps2","muscle","young",0.0809,6.93,23.1,9.34,0.364,0.13,"No"
"283","Gna11","muscle","young",0.0497,6.62,23.4,6.12,0.365,0.13,"No"
"69","Ky","muscle","old",0.457,23.9,6.1,8.16,0.363,0.131,"No"
"427","Cyp4f13","muscle","young",0.185,2.06,3.94,3.15,0.363,0.131,"No"
"1","Mst1","muscle","young",0.057,0.465,5.53,0.0428,0.363,0.132,"No"
"354","Chd7","muscle","old",0.276,6.23,23.8,5.55,0.362,0.133,"No"
"306","Taok1","muscle","old",0.317,2.78,3.22,5.93,0.36,0.134,"No"
"370","Hey1","muscle","young",0.2,10.8,19.2,2.8,0.36,0.134,"No"
"159","Slmap","muscle","old",0.303,3.51,2.49,6.49,0.356,0.138,"No"
"216","Ddit4l","muscle","old",0.217,11.4,18.6,8.6,0.356,0.138,"No"
"351","Bcl6","muscle","old",0.252,5.77,0.225,6.17,0.356,0.138,"No"
"10","Emp1","muscle","young",0.38,3.44,2.56,5.54,0.352,0.142,"No"
"260","Fzd7","muscle","aged",0.191,21.1,8.92,6.43,0.347,0.147,"No"
"299","Prkca","muscle","aged",0.225,16.9,13.1,6.45,0.347,0.147,"No"
"270","P2ry1","muscle","old",0.313,6.18,23.8,3.2,0.345,0.149,"No"
"477","Cep350","muscle","old",0.379,4.63,1.37,5.98,0.344,0.15,"No"
"171","Mmp11","muscle","old",0.216,3.94,2.06,2.12,0.335,0.16,"No"
"467","Rragc","muscle","aged",0.0722,17.7,12.3,5.44,0.335,0.16,"No"
"263","Gpr146","muscle","aged",0.0916,3.9,2.1,5.78,0.333,0.161,"No"
"273","Pdgfra","muscle","old",0.231,4.45,1.55,4.71,0.333,0.161,"No"
"384","Leo1","muscle","old",0.209,5.47,0.533,5.36,0.333,0.161,"No"
"261","Fzd7","muscle","old",0.375,0.604,5.4,6.02,0.331,0.163,"No"
"342","Arnt","muscle","old",0.256,2.88,3.12,5.9,0.331,0.164,"No"
"20","Col3a1","muscle","aged",0.44,3.81,2.19,6.23,0.33,0.165,"No"
"368","Foxk2","muscle","aged",0.138,15,15,6.22,0.328,0.167,"No"
"13","Kitl","muscle","young",0.204,12.7,17.3,5.33,0.322,0.174,"No"
"215","Ddit4l","muscle","aged",0.203,4.99,1.01,8.59,0.322,0.174,"No"
"471","Btbd7","muscle","old",0.316,3.5,2.5,4.91,0.322,0.174,"No"
"108","Fech","muscle","old",0.125,6.39,23.6,8.05,0.321,0.176,"No"
"251","Npc1","muscle","aged",0.304,17,13,6.36,0.318,0.178,"No"
"431","Cygb","muscle","aged",0.283,21.3,8.7,4.46,0.319,0.178,"No"
"459","Slc38a4","muscle","old",0.45,6.44,23.6,6.95,0.318,0.179,"No"
"308","Tbc1d4","muscle","aged",0.223,18.3,11.7,6.38,0.317,0.18,"No"
"458","Slc38a4","muscle","aged",0.198,7.52,22.5,7.22,0.317,0.18,"No"
"146","Myh10","muscle","aged",0.383,9.29,20.7,4.94,0.315,0.182,"No"
"429","Cyp4f13","muscle","old",0.271,6.58,23.4,2.83,0.315,0.182,"No"
"346","Asb4","muscle","young",0.0705,10.9,19.1,4.96,0.313,0.185,"No"
"133","Gsta3","muscle","young",0.298,11.3,18.7,1.76,0.312,0.186,"No"
"100","Morc3","muscle","young",0.113,8.1,21.9,4.25,0.31,0.188,"No"
"291","Ipmk","muscle","old",0.273,4.03,1.97,5.01,0.307,0.191,"No"
"143","Actc1","muscle","aged",0.5,16.9,13.1,5.42,0.307,0.192,"No"
"327","Tubb3","muscle","old",0.215,12.1,17.9,0.693,0.305,0.195,"No"
"168","Loxl1","muscle","old",0.268,4.3,1.7,4.13,0.304,0.196,"No"
"474","Arrdc3","muscle","old",0.345,10.1,19.9,5.9,0.302,0.198,"No"
"102","Morc3","muscle","old",0.22,5.68,0.321,4.44,0.298,0.204,"No"
"130","Pipox","muscle","young",0.0598,20.8,9.19,0.102,0.297,0.204,"No"
"262","Gpr146","muscle","young",0.127,3.49,2.51,5.8,0.297,0.204,"No"
"94","Fabp9","muscle","young",0.018,9.62,20.4,0.0103,0.293,0.211,"No"
"80","Ogg1","muscle","aged",0.186,22.7,7.29,3.1,0.291,0.213,"No"
"158","Slmap","muscle","aged",0.103,15,15,6.78,0.29,0.214,"No"
"407","Purb","muscle","aged",0.094,3.56,2.44,6.32,0.29,0.214,"No"
"123","Gpt2","muscle","old",0.238,15.2,14.8,8.11,0.289,0.216,"No"
"11","Emp1","muscle","aged",0.271,2.49,3.51,5.41,0.285,0.221,"No"
"255","Stxbp4","muscle","old",0.315,8.31,21.7,5.79,0.284,0.222,"No"
"185","Denr","muscle","aged",0.195,4.64,1.36,6.39,0.282,0.224,"No"
"468","Rragc","muscle","old",0.0851,2.68,3.32,5.4,0.282,0.224,"No"
"348","Asb4","muscle","old",0.284,6.89,23.1,4.39,0.282,0.225,"No"
"336","Lin7c","muscle","old",0.359,3.76,2.24,4.93,0.281,0.227,"No"
"426","Zhx3","muscle","old",0.187,1.77,4.23,4.53,0.28,0.228,"No"
"77","Cd163","muscle","aged",0.338,16.8,13.2,3.14,0.278,0.231,"No"
"406","Purb","muscle","young",0.0496,8.61,21.4,6.29,0.276,0.233,"No"
"279","Crim1","muscle","old",0.394,1.1,4.9,6.09,0.276,0.234,"No"
"40","Ccnc","muscle","young",0.0691,7.54,22.5,3.82,0.269,0.244,"No"
"246","Pdyn","muscle","old",0.0367,21.2,8.82,0.0207,0.269,0.245,"No"
"199","Trim63","muscle","young",0.164,8.62,21.4,8.61,0.267,0.247,"No"
"83","Sult1a1","muscle","aged",0.225,13.4,16.6,4.45,0.266,0.248,"No"
"298","Prkca","muscle","young",0.148,0.516,5.48,6.62,0.266,0.249,"No"
"155","Serpinh1","muscle","aged",0.25,6.07,23.9,5.47,0.262,0.254,"No"
"463","Slc6a6","muscle","young",0.123,23.1,6.93,7.03,0.261,0.256,"No"
"339","Ston2","muscle","old",0.358,2.79,3.21,6.68,0.26,0.257,"No"
"391","Mycbp","muscle","young",0.0703,9.45,20.5,4.51,0.259,0.26,"No"
"442","Abcc12","muscle","young",0.0461,8.24,21.8,0.0534,0.258,0.262,"No"
"504","Tor1aip2","muscle","old",0.137,1.1,4.9,6.59,0.256,0.264,"No"
"436","Pllp","muscle","young",0.339,1.68,4.32,1.52,0.256,0.265,"No"
"63","G0s2","muscle","old",0.845,10.1,19.9,5.6,0.254,0.268,"No"
"314","Ywhaq","muscle","aged",0.153,2.96,3.04,4.53,0.251,0.273,"No"
"145","Myh10","muscle","young",0.242,3.11,2.89,5.36,0.248,0.278,"No"
"424","Zhx3","muscle","young",0.0828,19.8,10.2,4.98,0.244,0.284,"No"
"193","Psma1","muscle","young",0.0994,6.58,23.4,6.82,0.243,0.285,"No"
"313","Ywhaq","muscle","young",0.142,3.16,2.84,4.58,0.243,0.286,"No"
"161","Adamts9","muscle","aged",0.302,14.4,15.6,2.5,0.242,0.287,"No"
"347","Asb4","muscle","aged",0.105,9.13,20.9,4.8,0.241,0.29,"No"
"501","Tmem165","muscle","old",0.182,2.58,3.42,4.21,0.239,0.292,"No"
"288","Igfbp5","muscle","old",0.438,6.52,23.5,9.49,0.238,0.295,"No"
"366","Fem1c","muscle","old",0.206,4.76,1.24,4.69,0.233,0.303,"No"
"167","Loxl1","muscle","aged",0.215,2.95,3.05,4.13,0.232,0.304,"No"
"296","Nf1","muscle","aged",0.198,14.1,15.9,4.44,0.233,0.304,"No"
"35","Klra4","muscle","aged",0.0469,1.91,4.09,0.0471,0.227,0.313,"No"
"446","Kcng4","muscle","aged",0.237,14.1,15.9,5.31,0.228,0.313,"No"
"496","Prrc1","muscle","young",0.0943,4.18,1.82,5.62,0.227,0.314,"No"
"208","Egln3","muscle","young",0.336,0.442,5.56,5.57,0.225,0.318,"No"
"414","Rora","muscle","old",0.275,22.9,7.1,7.12,0.22,0.326,"No"
"162","Adamts9","muscle","old",0.172,2.55,3.45,2.35,0.219,0.328,"No"
"411","Rarb","muscle","old",0.195,1.22,4.78,4.4,0.219,0.329,"No"
"369","Foxk2","muscle","old",0.177,4.68,1.32,6.08,0.218,0.331,"No"
"319","Nosip","muscle","young",0.0427,6.2,23.8,5.31,0.216,0.335,"No"
"309","Tbc1d4","muscle","old",0.19,3.04,2.96,6.39,0.214,0.338,"No"
"500","Tmem165","muscle","aged",0.0476,2.78,3.22,4.58,0.213,0.34,"No"
"134","Gsta3","muscle","aged",0.454,2.73,3.27,2.03,0.213,0.341,"No"
"192","Fbxo32","muscle","old",0.29,7.47,22.5,9.23,0.213,0.341,"No"
"428","Cyp4f13","muscle","aged",0.201,13.2,16.8,2.79,0.211,0.345,"No"
"388","Mxi1","muscle","young",0.0492,3.9,2.1,6.45,0.21,0.347,"No"
"174","Timp3","muscle","old",0.199,21.6,8.44,7.13,0.208,0.35,"No"
"15","Kitl","muscle","old",0.311,4.77,1.23,4.47,0.206,0.354,"No"
"475","Cep350","muscle","young",0.119,12.9,17.1,6.03,0.204,0.358,"No"
"5","Thbd","muscle","aged",0.275,4.68,1.32,4.5,0.203,0.36,"No"
"4","Thbd","muscle","young",0.171,7.65,22.4,4.66,0.198,0.37,"No"
"116","Dbt","muscle","aged",0.107,6.35,23.6,5.91,0.198,0.37,"No"
"286","Igfbp5","muscle","young",0.185,8.01,22,9.57,0.197,0.372,"No"
"478","Tspan13","muscle","young",0.111,8.07,21.9,5.63,0.197,0.372,"No"
"402","Nrip1","muscle","old",0.228,20.7,9.26,5.23,0.197,0.373,"No"
"493","Myadm","muscle","young",0.159,0.295,5.71,5.2,0.196,0.375,"No"
"153","Dnajb4","muscle","old",0.247,7.58,22.4,6.49,0.192,0.384,"No"
"118","Dgat2","muscle","young",0.29,16.7,13.3,6.19,0.191,0.385,"No"
"218","Bzw2","muscle","aged",0.0899,3.16,2.84,7.3,0.19,0.388,"No"
"337","Ston2","muscle","young",0.132,20.2,9.82,6.9,0.189,0.39,"No"
"271","Pdgfra","muscle","young",0.084,9.67,20.3,4.87,0.188,0.391,"No"
"180","Srxn1","muscle","old",0.181,7.18,22.8,5.74,0.184,0.4,"No"
"408","Purb","muscle","old",0.248,1.53,4.47,5.36,0.184,0.4,"No"
"3","Mst1","muscle","old",0.13,1.57e-08,6,0.065,0.182,0.405,"No"
"99","Mei1","muscle","old",0.0188,8,22,0.00939,0.182,0.405,"No"
"266","Gpr158","muscle","aged",0.021,4,2,0.0105,0.182,0.405,"No"
"267","Gpr158","muscle","old",0.0285,20,10,0.0142,0.182,0.405,"No"
"50","Mcm7","muscle","aged",0.0841,18.8,11.2,3.64,0.178,0.414,"No"
"48","Gas1","muscle","old",0.206,4.79,1.21,3.94,0.177,0.417,"No"
"358","Ctdspl","muscle","young",0.14,3.42,2.58,2.95,0.174,0.424,"No"
"345","Asb11","muscle","old",0.128,7.67,22.3,7.84,0.172,0.427,"No"
"268","P2ry1","muscle","young",0.171,9.31,20.7,3.9,0.171,0.431,"No"
"240","Rbm34","muscle","old",0.125,3.69,2.31,3.99,0.169,0.434,"No"
"58","Esco1","muscle","young",0.0809,12.2,17.8,4.54,0.169,0.435,"No"
"228","Rps2","muscle","old",0.16,15.9,14.1,9.56,0.169,0.435,"No"
"169","Mmp11","muscle","young",0.113,3.93,2.07,2.32,0.168,0.436,"No"
"198","Trim23","muscle","old",0.199,1.96,4.04,5.61,0.166,0.441,"No"
"295","Nf1","muscle","young",0.0957,2.34,3.66,4.59,0.164,0.446,"No"
"470","Btbd7","muscle","aged",0.14,14,16,5.11,0.163,0.45,"No"
"447","Kcng4","muscle","old",0.186,4.54,1.46,5.09,0.16,0.457,"No"
"33","Pcolce2","muscle","old",0.232,15.3,14.7,3.26,0.159,0.458,"No"
"181","Txnrd1","muscle","young",0.0451,14,16,6.96,0.159,0.459,"No"
"62","G0s2","muscle","aged",0.275,13.2,16.8,5.15,0.156,0.467,"No"
"150","Cct3","muscle","old",0.104,7.54,22.5,6.89,0.154,0.471,"No"
"304","Taok1","muscle","young",0.059,14.5,15.5,6.35,0.153,0.473,"No"
"17","Podxl","muscle","aged",0.223,9.31,20.7,5.68,0.152,0.476,"No"
"284","Gna11","muscle","aged",0.0367,9.56,20.4,6.15,0.152,0.476,"No"
"241","Angptl7","muscle","young",0.38,14.2,15.8,4.18,0.152,0.477,"No"
"78","Cd163","muscle","old",0.196,8.35,21.6,3.51,0.15,0.481,"No"
"335","Lin7c","muscle","aged",0.0406,3.95,2.05,5.62,0.149,0.483,"No"
"359","Ctdspl","muscle","aged",0.183,2.56,3.44,2.8,0.145,0.493,"No"
"119","Dgat2","muscle","aged",0.291,19,11,5.79,0.143,0.5,"No"
"433","Atp1b1","muscle","young",0.246,22.1,7.88,7.94,0.141,0.504,"No"
"344","Asb11","muscle","aged",0.0823,1.31,4.69,7.75,0.14,0.507,"No"
"371","Hey1","muscle","aged",0.204,13.7,16.3,2.93,0.137,0.515,"No"
"441","Abcc1","muscle","old",0.155,1.06,4.94,6.16,0.133,0.526,"No"
"410","Rarb","muscle","aged",0.0554,0.806,5.19,4.42,0.131,0.532,"No"
"321","Nosip","muscle","old",0.0907,14.4,15.6,5.54,0.127,0.542,"No"
"217","Bzw2","muscle","young",0.0437,4.97,1.03,7.24,0.123,0.555,"No"
"49","Mcm7","muscle","young",0.0529,18.7,11.3,3.72,0.12,0.562,"No"
"163","Art5","muscle","young",0.132,20.8,9.21,5.18,0.12,0.562,"No"
"315","Ywhaq","muscle","old",0.194,5.63,0.368,4.39,0.119,0.566,"No"
"445","Kcng4","muscle","young",0.178,9.99,20,5.69,0.117,0.572,"No"
"76","Cd163","muscle","young",0.184,15.9,14.1,3.41,0.116,0.574,"No"
"484","4930529C04Rik","muscle","young",0.0213,1.9,4.1,0.0187,0.116,0.575,"No"
"432","Cygb","muscle","old",0.105,23.1,6.88,4.53,0.115,0.578,"No"
"340","Arnt","muscle","young",0.0542,19.8,10.2,6.09,0.113,0.584,"No"
"497","Prrc1","muscle","aged",0.0882,12.9,17.1,5.5,0.113,0.584,"No"
"81","Ogg1","muscle","old",0.122,22,7.99,3.08,0.106,0.603,"No"
"444","Abcc12","muscle","old",0.0221,1.21,4.79,0.021,0.106,0.603,"No"
"438","Pllp","muscle","old",0.152,8.12,21.9,0.737,0.105,0.607,"No"
"242","Angptl7","muscle","aged",0.363,18.4,11.6,4.08,0.103,0.612,"No"
"189","Fbxl7","muscle","old",0.133,2.87,3.13,0.995,0.103,0.613,"No"
"367","Foxk2","muscle","young",0.05,0.901,5.1,6.33,0.102,0.615,"No"
"157","Slmap","muscle","young",0.0489,18.4,11.6,6.86,0.102,0.617,"No"
"42","Ccnc","muscle","old",0.176,2.58,3.42,3.39,0.101,0.618,"No"
"34","Klra4","muscle","young",0.013,15.9,14.1,0.013,0.1,0.622,"No"
"179","Srxn1","muscle","aged",0.0661,10.7,19.3,5.47,0.1,0.622,"No"
"140","Myh1","muscle","aged",0.183,10.6,19.4,11.7,0.0988,0.626,"No"
"60","Esco1","muscle","old",0.146,1.78,4.22,4.19,0.0984,0.627,"No"
"106","Fech","muscle","young",0.0238,11.1,18.9,7.84,0.0979,0.629,"No"
"325","Tubb3","muscle","young",0.0559,21.5,8.55,0.525,0.0974,0.631,"No"
"113","Aldh2","muscle","aged",0.112,9.21,20.8,7.42,0.097,0.632,"No"
"23","Col4a1","muscle","aged",0.209,7.2,22.8,6.22,0.0957,0.636,"No"
"506","Zfp706","muscle","aged",0.0608,4.18,1.82,6.55,0.0954,0.637,"No"
"186","Denr","muscle","old",0.0923,18.4,11.6,5.98,0.0906,0.652,"No"
"195","Psma1","muscle","old",0.117,12,18,6.72,0.0891,0.657,"No"
"188","Fbxl7","muscle","aged",0.0801,10.9,19.1,1.31,0.0888,0.658,"No"
"53","Sept8","muscle","aged",0.165,10.9,19.1,4.07,0.088,0.661,"No"
"87","Ucp3","muscle","old",0.258,19,11,6.66,0.0836,0.675,"No"
"183","Txnrd1","muscle","old",0.108,5.77,0.229,6.74,0.0832,0.677,"No"
"320","Nosip","muscle","aged",0.0528,3.69,2.31,5.35,0.0798,0.688,"No"
"142","Actc1","muscle","young",0.231,5.89,0.114,6.4,0.0773,0.696,"No"
"272","Pdgfra","muscle","aged",0.112,4.63,1.37,4.74,0.0772,0.697,"No"
"125","Pank1","muscle","aged",0.127,2.09,3.91,4.57,0.0762,0.7,"No"
"409","Rarb","muscle","young",0.0473,3.5,2.5,4.23,0.0756,0.702,"No"
"14","Kitl","muscle","aged",0.0523,8.13,21.9,5.27,0.0743,0.706,"No"
"305","Taok1","muscle","aged",0.0409,0.67,5.33,6.36,0.0743,0.706,"No"
"443","Abcc12","muscle","aged",0.0185,21.2,8.85,0.0653,0.0659,0.736,"No"
"466","Rragc","muscle","young",0.0253,3.88,2.12,5.45,0.0651,0.739,"No"
"37","Anxa9","muscle","young",0.0853,2.81,3.19,0.51,0.0631,0.746,"No"
"480","Tspan13","muscle","old",0.087,0.644,5.36,5,0.0625,0.748,"No"
"79","Ogg1","muscle","young",0.0621,14.9,15.1,3.04,0.0617,0.751,"No"
"209","Egln3","muscle","aged",0.127,9.48,20.5,5.45,0.0592,0.76,"No"
"258","Epha2","muscle","old",0.0925,3.09,2.91,1.85,0.0587,0.762,"No"
"332","Gabarapl1","muscle","aged",0.0903,15.9,14.1,6.1,0.0586,0.762,"No"
"164","Art5","muscle","aged",0.0771,0.207,5.79,5.26,0.0568,0.769,"No"
"243","Angptl7","muscle","old",0.247,10.9,19.1,3.73,0.0565,0.77,"No"
"252","Npc1","muscle","old",0.182,1.93,4.07,6.37,0.0519,0.787,"No"
"160","Adamts9","muscle","young",0.0586,12.4,17.6,2.78,0.0491,0.797,"No"
"469","Btbd7","muscle","young",0.035,10.3,19.7,5.25,0.0491,0.797,"No"
"47","Gas1","muscle","aged",0.0671,7.51,22.5,4.47,0.0465,0.807,"No"
"229","Xpo1","muscle","young",0.0368,4.18,1.82,5.63,0.0454,0.811,"No"
"302","Rac1","muscle","aged",0.0254,7.85,22.2,8.22,0.0452,0.812,"No"
"51","Mcm7","muscle","old",0.0781,7.22,22.8,3.9,0.0428,0.821,"No"
"276","Mt2","muscle","old",0.194,3.48,2.52,3.64,0.0409,0.829,"No"
"393","Mycbp","muscle","old",0.05,4.11,1.89,4.35,0.0399,0.832,"No"
"26","Col4a2","muscle","aged",0.127,7.84,22.2,5.98,0.0382,0.839,"No"
"178","Srxn1","muscle","young",0.0509,12.7,17.3,5.41,0.0366,0.846,"No"
"269","P2ry1","muscle","aged",0.0959,9.04,21,3.56,0.0343,0.855,"No"
"187","Fbxl7","muscle","young",0.0521,5.2,0.797,1.47,0.0335,0.858,"No"
"372","Hey1","muscle","old",0.0618,8.44,21.6,2.54,0.0317,0.865,"No"
"101","Morc3","muscle","aged",0.0205,19.7,10.3,4.35,0.0293,0.875,"No"
"120","Dgat2","muscle","old",0.115,8.7,21.3,5.78,0.0263,0.887,"No"
"219","Bzw2","muscle","old",0.033,7.32,22.7,7.32,0.0242,0.896,"No"
"375","Hivep2","muscle","old",0.0756,0.798,5.2,6.43,0.024,0.897,"No"
"105","Pdk4","muscle","old",0.178,3.07,2.93,8.21,0.0221,0.904,"No"
"236","Ddx55","muscle","aged",0.0325,7.85,22.2,3.45,0.0219,0.905,"No"
"494","Myadm","muscle","aged",0.0712,14.6,15.4,4.91,0.0211,0.909,"No"
"104","Pdk4","muscle","aged",0.114,22.1,7.94,8.55,0.0199,0.914,"No"
"95","Fabp9","muscle","aged",0.00823,3.98,2.02,0.0361,0.017,0.926,"No"
"112","Aldh2","muscle","young",0.0392,1.16,4.84,7.47,0.0162,0.929,"No"
"507","Zfp706","muscle","old",0.0292,11.9,18.1,6.33,0.0161,0.93,"No"
"289","Ipmk","muscle","young",0.019,4.56,1.44,5.56,0.0151,0.934,"No"
"303","Rac1","muscle","old",0.0249,23.3,6.72,7.78,0.0146,0.936,"No"
"75","Pfn2","muscle","old",0.023,11.1,18.9,8.15,0.012,0.947,"No"
"213","Ddit4","muscle","old",0.0676,14.7,15.3,3.64,0.0113,0.95,"No"
"74","Pfn2","muscle","aged",0.0163,17.8,12.2,8.34,0.00782,0.965,"No"
"434","Atp1b1","muscle","aged",0.0478,2.55,3.45,7.65,0.00772,0.966,"No"
"275","Mt2","muscle","aged",0.047,0.308,5.69,3,0.00723,0.968,"No"
"165","Art5","muscle","old",0.0342,12.9,17.1,5.53,0.00663,0.971,"No"
"437","Pllp","muscle","aged",0.0254,22.5,7.48,1.24,0.0024,0.989,"No"
"31","Pcolce2","muscle","young",0.0162,16.2,13.8,3.68,0.0021,0.991,"No"
"257","Epha2","muscle","aged",0.0214,6.15,23.8,2.03,0.00187,0.992,"No"
"312","Ulk1","muscle","old",0.0188,2.13,3.87,6.8,0.00175,0.992,"No"
"238","Rbm34","muscle","young",0.00495,5.35,0.65,4.09,0.00158,0.993,"No"
"485","4930529C04Rik","muscle","aged",0.00142,20,10,0.0136,0.0011,0.995,"No"
"274","Mt2","muscle","young",0.0117,3.29,2.71,2.57,0.000727,0.997,"No"
